Country,ISO,Year,DemocracyScore,PressFreedomScore
Afghanistan,AFG,2013,2.48,62.64
Afghanistan,AFG,2014,2.77,62.93
Afghanistan,AFG,2015,2.77,62.56
Afghanistan,AFG,2016,2.55,62.25
Afghanistan,AFG,2017,2.55,60.54
Afghanistan,AFG,2018,2.97,62.72
Afghanistan,AFG,2019,2.85,63.45
Afghanistan,AFG,2020,2.85,62.3
Afghanistan,AFG,2021,0.32,59.81
Afghanistan,AFG,2022,0.32,38.27
Albania,ALB,2013,5.67,69.12
Albania,ALB,2014,5.67,70.08
Albania,ALB,2015,5.91,71.23
Albania,ALB,2016,5.91,70.08
Albania,ALB,2017,5.98,70.08
Albania,ALB,2018,5.98,70.51
Albania,ALB,2019,5.89,70.16
Albania,ALB,2020,6.08,69.75
Albania,ALB,2021,6.11,69.41
Albania,ALB,2022,6.41,56.41
Albania,ALB,2023,6.28,57.86
Algeria,DZA,2013,3.83,63.46
Algeria,DZA,2014,3.83,63.74
Algeria,DZA,2015,3.95,63.37
Algeria,DZA,2016,3.56,58.31
Algeria,DZA,2017,3.56,57.17
Algeria,DZA,2018,3.5,56.87
Algeria,DZA,2019,4.01,54.25
Algeria,DZA,2020,3.77,54.48
Algeria,DZA,2021,3.77,52.74
Algeria,DZA,2022,3.66,45.53
Algeria,DZA,2023,3.66,45.74
Angola,AGO,2013,3.35,62.2
Angola,AGO,2014,3.35,63.5
Angola,AGO,2015,3.35,62.16
Angola,AGO,2016,3.4,60.11
Angola,AGO,2017,3.62,59.58
Angola,AGO,2018,3.62,61.65
Angola,AGO,2019,3.72,65.04
Angola,AGO,2020,3.66,66.08
Angola,AGO,2021,3.37,65.94
Angola,AGO,2022,3.96,57.17
Angola,AGO,2023,4.18,48.3
Argentina,ARG,2013,6.84,74.33
Argentina,ARG,2014,6.84,74.73
Argentina,ARG,2015,7.02,73.89
Argentina,ARG,2016,6.96,74.91
Argentina,ARG,2017,6.96,74.93
Argentina,ARG,2018,7.02,73.95
Argentina,ARG,2019,7.02,71.7
Argentina,ARG,2020,6.95,71.22
Argentina,ARG,2021,6.81,71.01
Argentina,ARG,2022,6.85,77.28
Argentina,ARG,2023,6.62,73.36
Armenia,ARM,2013,4.02,71.96
Armenia,ARM,2014,4.13,70.93
Armenia,ARM,2015,4.0,71.57
Armenia,ARM,2016,3.88,71.21
Armenia,ARM,2017,4.11,69.62
Armenia,ARM,2018,4.79,70.01
Armenia,ARM,2019,5.54,71.02
Armenia,ARM,2020,5.35,71.4
Armenia,ARM,2021,5.49,71.17
Armenia,ARM,2022,5.63,68.97
Armenia,ARM,2023,5.42,70.61
Australia,AUS,2013,9.13,84.76
Australia,AUS,2014,9.01,83.09
Australia,AUS,2015,9.01,82.97
Australia,AUS,2016,9.01,82.16
Australia,AUS,2017,9.09,83.98
Australia,AUS,2018,9.09,84.54
Australia,AUS,2019,9.09,83.45
Australia,AUS,2020,8.96,79.79
Australia,AUS,2021,8.9,80.21
Australia,AUS,2022,8.71,73.77
Australia,AUS,2023,8.66,78.24
Austria,AUT,2013,8.48,90.6
Austria,AUT,2014,8.54,89.99
Austria,AUT,2015,8.54,89.15
Austria,AUT,2016,8.41,86.82
Austria,AUT,2017,8.42,86.53
Austria,AUT,2018,8.29,85.96
Austria,AUT,2019,8.29,84.67
Austria,AUT,2020,8.16,84.22
Austria,AUT,2021,8.07,83.66
Austria,AUT,2022,8.2,76.74
Austria,AUT,2023,8.28,77.3
Azerbaijan,AZE,2013,3.06,52.27
Azerbaijan,AZE,2014,2.83,47.13
Azerbaijan,AZE,2015,2.71,41.59
Azerbaijan,AZE,2016,2.65,42.11
Azerbaijan,AZE,2017,2.65,43.6
Azerbaijan,AZE,2018,2.65,40.27
Azerbaijan,AZE,2019,2.75,40.87
Azerbaijan,AZE,2020,2.68,41.52
Azerbaijan,AZE,2021,2.68,41.23
Azerbaijan,AZE,2022,2.87,39.4
Azerbaijan,AZE,2023,2.8,39.93
Bahrain,BHR,2013,2.87,37.25
Bahrain,BHR,2014,2.87,41.74
Bahrain,BHR,2015,2.79,41.31
Bahrain,BHR,2016,2.79,45.14
Bahrain,BHR,2017,2.71,41.12
Bahrain,BHR,2018,2.71,39.15
Bahrain,BHR,2019,2.55,38.69
Bahrain,BHR,2020,2.49,39.87
Bahrain,BHR,2021,2.52,38.9
Bahrain,BHR,2022,2.52,30.97
Bahrain,BHR,2023,2.52,30.59
Bangladesh,BGD,2013,5.86,57.99
Bangladesh,BGD,2014,5.78,57.42
Bangladesh,BGD,2015,5.73,57.05
Bangladesh,BGD,2016,5.73,54.06
Bangladesh,BGD,2017,5.43,51.64
Bangladesh,BGD,2018,5.57,51.38
Bangladesh,BGD,2019,5.88,49.26
Bangladesh,BGD,2020,5.99,50.63
Bangladesh,BGD,2021,5.99,50.29
Bangladesh,BGD,2022,5.99,36.63
Bangladesh,BGD,2023,5.87,35.31
Belarus,BLR,2013,3.04,51.65
Belarus,BLR,2014,3.69,52.18
Belarus,BLR,2015,3.62,52.02
Belarus,BLR,2016,3.54,45.68
Belarus,BLR,2017,3.13,47.57
Belarus,BLR,2018,3.13,47.41
Belarus,BLR,2019,2.48,48.34
Belarus,BLR,2020,2.59,50.25
Belarus,BLR,2021,2.41,49.18
Belarus,BLR,2022,1.99,39.62
Belgium,BEL,2013,8.05,87.06
Belgium,BEL,2014,7.93,87.2
Belgium,BEL,2015,7.93,88.02
Belgium,BEL,2016,7.77,85.82
Belgium,BEL,2017,7.78,87.25
Belgium,BEL,2018,7.78,86.84
Belgium,BEL,2019,7.64,87.93
Belgium,BEL,2020,7.51,87.43
Belgium,BEL,2021,7.51,88.31
Belgium,BEL,2022,7.64,78.86
Belgium,BEL,2023,7.64,76.47
Benin,BEN,2013,5.87,71.67
Benin,BEN,2014,5.65,71.17
Benin,BEN,2015,5.72,70.76
Benin,BEN,2016,5.67,71.03
Benin,BEN,2017,5.61,69.68
Benin,BEN,2018,5.74,69.84
Benin,BEN,2019,5.09,68.26
Benin,BEN,2020,4.58,64.89
Benin,BEN,2021,4.19,61.82
Benin,BEN,2022,4.28,48.39
Benin,BEN,2023,4.68,52.44
Bhutan,BTN,2013,4.82,71.58
Bhutan,BTN,2014,4.87,69.27
Bhutan,BTN,2015,4.93,67.35
Bhutan,BTN,2016,4.93,69.27
Bhutan,BTN,2017,5.08,69.27
Bhutan,BTN,2018,5.3,69.27
Bhutan,BTN,2019,5.3,70.19
Bhutan,BTN,2020,5.71,71.1
Bhutan,BTN,2021,5.71,71.14
Bhutan,BTN,2022,5.54,76.46
Bhutan,BTN,2023,5.54,59.25
Bolivia,BOL,2013,5.79,67.2
Bolivia,BOL,2014,5.79,68.96
Bolivia,BOL,2015,5.75,68.71
Bolivia,BOL,2016,5.63,68.22
Bolivia,BOL,2017,5.49,66.12
Bolivia,BOL,2018,5.7,67.55
Bolivia,BOL,2019,4.84,64.62
Bolivia,BOL,2020,5.08,64.63
Bolivia,BOL,2021,4.65,64.53
Bolivia,BOL,2022,4.51,47.58
Bolivia,BOL,2023,4.2,51.09
Bosnia and Herzegovina,BIH,2013,5.02,73.14
Bosnia and Herzegovina,BIH,2014,4.78,73.14
Bosnia and Herzegovina,BIH,2015,4.83,72.49
Bosnia and Herzegovina,BIH,2016,4.87,71.55
Bosnia and Herzegovina,BIH,2017,4.87,72.17
Bosnia and Herzegovina,BIH,2018,4.98,72.63
Bosnia and Herzegovina,BIH,2019,4.86,70.98
Bosnia and Herzegovina,BIH,2020,4.84,71.49
Bosnia and Herzegovina,BIH,2021,5.04,71.66
Bosnia and Herzegovina,BIH,2022,5.0,65.64
Bosnia and Herzegovina,BIH,2023,5.0,65.43
Botswana,BWA,2013,7.98,77.09
Botswana,BWA,2014,7.87,77.09
Botswana,BWA,2015,7.87,77.09
Botswana,BWA,2016,7.87,77.09
Botswana,BWA,2017,7.81,75.07
Botswana,BWA,2018,7.81,74.71
Botswana,BWA,2019,7.81,74.91
Botswana,BWA,2020,7.62,76.44
Botswana,BWA,2021,7.73,76.75
Botswana,BWA,2022,7.73,58.49
Botswana,BWA,2023,7.73,64.61
Brazil,BRA,2013,7.12,67.25
Brazil,BRA,2014,7.38,65.97
Brazil,BRA,2015,6.96,68.07
Brazil,BRA,2016,6.9,67.38
Brazil,BRA,2017,6.86,66.42
Brazil,BRA,2018,6.97,68.8
Brazil,BRA,2019,6.86,67.21
Brazil,BRA,2020,6.92,65.95
Brazil,BRA,2021,6.86,63.75
Brazil,BRA,2022,6.78,55.36
Brazil,BRA,2023,6.68,58.67
Bulgaria,BGR,2013,6.83,71.42
Bulgaria,BGR,2014,6.73,68.58
Bulgaria,BGR,2015,7.14,67.09
Bulgaria,BGR,2016,7.01,65.54
Bulgaria,BGR,2017,7.03,64.99
Bulgaria,BGR,2018,7.03,64.78
Bulgaria,BGR,2019,7.03,64.89
Bulgaria,BGR,2020,6.71,64.94
Bulgaria,BGR,2021,6.64,62.71
Bulgaria,BGR,2022,6.53,59.12
Bulgaria,BGR,2023,6.41,62.98
Burkina Faso,BFA,2013,4.15,76.3
Burkina Faso,BFA,2014,4.09,75.55
Burkina Faso,BFA,2015,4.7,76.21
Burkina Faso,BFA,2016,4.7,77.34
Burkina Faso,BFA,2017,4.75,76.15
Burkina Faso,BFA,2018,4.75,76.67
Burkina Faso,BFA,2019,4.04,75.47
Burkina Faso,BFA,2020,3.73,76.53
Burkina Faso,BFA,2021,3.84,76.83
Burkina Faso,BFA,2022,3.08,73.12
Burkina Faso,BFA,2023,2.73,67.64
Burundi,BDI,2013,3.41,61.98
Burundi,BDI,2014,3.33,59.5
Burundi,BDI,2015,2.49,57.07
Burundi,BDI,2016,2.4,45.9
Burundi,BDI,2017,2.33,44.22
Burundi,BDI,2018,2.33,44.74
Burundi,BDI,2019,2.15,47.11
Burundi,BDI,2020,2.14,44.67
Burundi,BDI,2021,2.13,52.43
Burundi,BDI,2022,2.13,55.74
Burundi,BDI,2023,2.13,52.14
Cambodia,KHM,2013,4.6,58.19
Cambodia,KHM,2014,4.78,59.03
Cambodia,KHM,2015,4.27,59.01
Cambodia,KHM,2016,4.27,59.3
Cambodia,KHM,2017,3.63,57.93
Cambodia,KHM,2018,3.59,54.1
Cambodia,KHM,2019,3.53,54.1
Cambodia,KHM,2020,3.1,54.54
Cambodia,KHM,2021,2.9,53.16
Cambodia,KHM,2022,3.18,43.48
Cambodia,KHM,2023,3.05,42.02
Cameroon,CMR,2013,3.41,65.22
Cameroon,CMR,2014,3.41,61.87
Cameroon,CMR,2015,3.66,60.37
Cameroon,CMR,2016,3.46,59.47
Cameroon,CMR,2017,3.61,58.41
Cameroon,CMR,2018,3.28,59.08
Cameroon,CMR,2019,2.85,56.68
Cameroon,CMR,2020,2.77,56.72
Cameroon,CMR,2021,2.56,56.22
Cameroon,CMR,2022,2.56,49.1
Cameroon,CMR,2023,2.56,45.58
Canada,CAN,2013,9.08,87.31
Canada,CAN,2014,9.08,89.01
Canada,CAN,2015,9.08,89.01
Canada,CAN,2016,9.15,84.74
Canada,CAN,2017,9.15,83.47
Canada,CAN,2018,9.15,84.72
Canada,CAN,2019,9.22,84.31
Canada,CAN,2020,9.24,84.71
Canada,CAN,2021,8.87,84.75
Canada,CAN,2022,8.88,81.74
Canada,CAN,2023,8.69,83.53
Cape Verde,CPV,2013,7.92,85.67
Cape Verde,CPV,2014,7.81,85.68
Cape Verde,CPV,2015,7.81,79.31
Cape Verde,CPV,2016,7.94,80.18
Cape Verde,CPV,2017,7.88,81.98
Cape Verde,CPV,2018,7.88,79.61
Cape Verde,CPV,2019,7.78,80.19
Cape Verde,CPV,2020,7.65,79.85
Cape Verde,CPV,2021,7.65,79.91
Cape Verde,CPV,2022,7.65,75.37
Cape Verde,CPV,2023,7.65,75.72
Central African Republic,CAF,2013,1.49,73.39
Central African Republic,CAF,2014,1.49,66.87
Central African Republic,CAF,2015,1.57,66.16
Central African Republic,CAF,2016,1.61,66.4
Central African Republic,CAF,2017,1.52,63.88
Central African Republic,CAF,2018,1.52,64.75
Central African Republic,CAF,2019,1.32,52.73
Central African Republic,CAF,2020,1.32,57.13
Central African Republic,CAF,2021,1.43,58.08
Central African Republic,CAF,2022,1.35,56.96
Chad,TCD,2013,1.5,65.13
Chad,TCD,2014,1.5,59.78
Chad,TCD,2015,1.5,59.83
Chad,TCD,2016,1.5,59.41
Chad,TCD,2017,1.5,60.34
Chad,TCD,2018,1.61,61.55
Chad,TCD,2019,1.61,63.29
Chad,TCD,2020,1.55,60.3
Chad,TCD,2021,1.67,59.8
Chad,TCD,2022,1.67,56.18
Chile,CHL,2013,7.8,73.76
Chile,CHL,2014,7.8,74.2
Chile,CHL,2015,7.84,77.0
Chile,CHL,2016,7.78,80.77
Chile,CHL,2017,7.84,79.47
Chile,CHL,2018,7.97,77.31
Chile,CHL,2019,8.08,74.35
Chile,CHL,2020,8.28,72.69
Chile,CHL,2021,7.92,72.11
Chile,CHL,2022,8.22,60.61
Chile,CHL,2023,7.98,60.09
China,CHN,2013,3.0,26.93
China,CHN,2014,3.0,27.09
China,CHN,2015,3.14,26.45
China,CHN,2016,3.14,19.04
China,CHN,2017,3.1,22.34
China,CHN,2018,3.32,21.71
China,CHN,2019,2.26,21.08
China,CHN,2020,2.27,21.52
China,CHN,2021,2.21,21.28
China,CHN,2022,1.94,25.17
China,CHN,2023,2.12,22.97
Colombia,COL,2013,6.55,62.52
Colombia,COL,2014,6.55,63.32
Colombia,COL,2015,6.62,60.92
Colombia,COL,2016,6.67,55.89
Colombia,COL,2017,6.67,58.53
Colombia,COL,2018,6.96,58.97
Colombia,COL,2019,7.13,57.18
Colombia,COL,2020,7.04,57.34
Colombia,COL,2021,6.48,56.26
Colombia,COL,2022,6.72,42.43
Colombia,COL,2023,6.55,45.23
Comoros,COM,2013,3.52,75.48
Comoros,COM,2014,3.52,75.48
Comoros,COM,2015,3.71,75.48
Comoros,COM,2016,3.71,75.67
Comoros,COM,2017,3.71,75.67
Comoros,COM,2018,3.71,74.7
Comoros,COM,2019,3.15,72.09
Comoros,COM,2020,3.09,70.23
Comoros,COM,2021,3.2,69.35
Comoros,COM,2022,3.2,60.16
Comoros,COM,2023,3.04,62.25
Congo,COG,2013,2.89,71.8
Congo,COG,2014,2.89,70.56
Congo,COG,2015,2.91,67.0
Congo,COG,2016,2.91,64.16
Congo,COG,2017,3.25,63.27
Congo,COG,2018,3.31,64.58
Congo,COG,2019,3.11,63.96
Congo,COG,2020,3.11,63.44
Congo,COG,2021,2.79,61.17
Congo,COG,2022,2.79,58.64
Congo,COG,2023,2.79,60.42
Costa Rica,CRI,2013,8.03,87.92
Costa Rica,CRI,2014,8.03,87.77
Costa Rica,CRI,2015,7.96,87.74
Costa Rica,CRI,2016,7.88,88.9
Costa Rica,CRI,2017,7.88,88.07
Costa Rica,CRI,2018,8.07,85.99
Costa Rica,CRI,2019,8.13,87.76
Costa Rica,CRI,2020,8.16,89.47
Costa Rica,CRI,2021,8.07,91.24
Costa Rica,CRI,2022,8.29,85.92
Costa Rica,CRI,2023,8.29,80.2
Cote d'Ivoire,CIV,2013,3.25,70.23
Cote d'Ivoire,CIV,2014,3.53,68.37
Cote d'Ivoire,CIV,2015,3.31,69.55
Cote d'Ivoire,CIV,2016,3.81,69.83
Cote d'Ivoire,CIV,2017,3.93,69.58
Cote d'Ivoire,CIV,2018,4.15,69.92
Cote d'Ivoire,CIV,2019,4.05,70.48
Cote d'Ivoire,CIV,2020,4.11,71.06
Cote d'Ivoire,CIV,2021,4.22,71.13
Cote d'Ivoire,CIV,2022,4.22,74.46
Cote d'Ivoire,CIV,2023,4.22,68.83
Croatia,HRV,2013,6.93,73.39
Croatia,HRV,2014,6.93,73.18
Croatia,HRV,2015,6.93,73.88
Croatia,HRV,2016,6.75,72.09
Croatia,HRV,2017,6.63,70.41
Croatia,HRV,2018,6.57,71.06
Croatia,HRV,2019,6.57,70.97
Croatia,HRV,2020,6.5,71.49
Croatia,HRV,2021,6.5,72.05
Croatia,HRV,2022,6.5,70.42
Croatia,HRV,2023,6.5,71.95
Cuba,CUB,2013,3.52,28.36
Cuba,CUB,2014,3.52,29.08
Cuba,CUB,2015,3.52,29.79
Cuba,CUB,2016,3.46,29.77
Cuba,CUB,2017,3.31,28.25
Cuba,CUB,2018,3.0,31.1
Cuba,CUB,2019,2.84,36.19
Cuba,CUB,2020,2.84,36.19
Cuba,CUB,2021,2.59,36.06
Cuba,CUB,2022,2.65,27.32
Cuba,CUB,2023,2.65,29.0
Cyprus,CYP,2013,7.29,86.17
Cyprus,CYP,2014,7.4,85.55
Cyprus,CYP,2015,7.53,83.48
Cyprus,CYP,2016,7.65,81.74
Cyprus,CYP,2017,7.59,80.21
Cyprus,CYP,2018,7.59,80.15
Cyprus,CYP,2019,7.59,78.26
Cyprus,CYP,2020,7.56,79.55
Cyprus,CYP,2021,7.43,80.15
Cyprus,CYP,2022,7.38,65.97
Cyprus,CYP,2023,7.38,68.62
Czechia,CZE,2013,8.06,89.83
Czechia,CZE,2014,7.94,89.93
Czechia,CZE,2015,7.94,88.38
Czechia,CZE,2016,7.82,83.34
Czechia,CZE,2017,7.62,83.09
Czechia,CZE,2018,7.69,78.11
Czechia,CZE,2019,7.69,75.11
Czechia,CZE,2020,7.67,76.43
Czechia,CZE,2021,7.74,76.62
Czechia,CZE,2022,7.97,80.54
Czechia,CZE,2023,7.97,83.58
Democratic Republic of Congo,COD,2013,1.83,58.34
Democratic Republic of Congo,COD,2014,1.75,55.36
Democratic Republic of Congo,COD,2015,2.11,55.69
Democratic Republic of Congo,COD,2016,1.93,49.03
Democratic Republic of Congo,COD,2017,1.61,47.33
Democratic Republic of Congo,COD,2018,1.49,48.4
Democratic Republic of Congo,COD,2019,1.13,48.29
Democratic Republic of Congo,COD,2020,1.13,50.91
Democratic Republic of Congo,COD,2021,1.4,51.41
Democratic Republic of Congo,COD,2022,1.48,47.66
Denmark,DNK,2013,9.38,92.92
Denmark,DNK,2014,9.11,92.57
Denmark,DNK,2015,9.11,91.76
Denmark,DNK,2016,9.2,91.11
Denmark,DNK,2017,9.22,89.64
Denmark,DNK,2018,9.22,86.01
Denmark,DNK,2019,9.22,90.13
Denmark,DNK,2020,9.15,91.87
Denmark,DNK,2021,9.09,91.43
Denmark,DNK,2022,9.28,90.27
Denmark,DNK,2023,9.28,89.48
Djibouti,DJI,2013,2.96,32.6
Djibouti,DJI,2014,2.99,29.66
Djibouti,DJI,2015,2.9,28.96
Djibouti,DJI,2016,2.83,29.1
Djibouti,DJI,2017,2.76,29.46
Djibouti,DJI,2018,2.87,29.23
Djibouti,DJI,2019,2.77,28.64
Djibouti,DJI,2020,2.71,23.27
Djibouti,DJI,2021,2.74,21.38
Djibouti,DJI,2022,2.74,35.75
Djibouti,DJI,2023,2.7,35.87
Dominican Republic,DOM,2013,6.74,71.66
Dominican Republic,DOM,2014,6.67,72.83
Dominican Republic,DOM,2015,6.67,72.69
Dominican Republic,DOM,2016,6.67,72.1
Dominican Republic,DOM,2017,6.66,73.24
Dominican Republic,DOM,2018,6.54,73.21
Dominican Republic,DOM,2019,6.54,72.1
Dominican Republic,DOM,2020,6.32,72.1
Dominican Republic,DOM,2021,6.45,74.4
Dominican Republic,DOM,2022,6.39,76.9
Dominican Republic,DOM,2023,6.44,71.88
East Timor,TLS,2013,7.24,71.28
East Timor,TLS,2014,7.24,70.96
East Timor,TLS,2015,7.24,67.37
East Timor,TLS,2016,7.24,67.98
East Timor,TLS,2017,7.19,67.18
East Timor,TLS,2018,7.19,69.19
East Timor,TLS,2019,7.19,70.07
East Timor,TLS,2020,7.06,70.1
East Timor,TLS,2021,7.06,70.89
East Timor,TLS,2022,7.06,81.89
East Timor,TLS,2023,7.06,84.49
Ecuador,ECU,2013,5.87,65.31
Ecuador,ECU,2014,5.87,68.84
Ecuador,ECU,2015,5.87,66.35
Ecuador,ECU,2016,5.81,66.79
Ecuador,ECU,2017,6.02,66.36
Ecuador,ECU,2018,6.27,69.44
Ecuador,ECU,2019,6.33,68.12
Ecuador,ECU,2020,6.13,67.38
Ecuador,ECU,2021,5.71,67.17
Ecuador,ECU,2022,5.69,64.61
Ecuador,ECU,2023,5.41,60.51
Egypt,EGY,2013,3.27,51.34
Egypt,EGY,2014,3.16,48.11
Egypt,EGY,2015,3.18,49.83
Egypt,EGY,2016,3.31,45.55
Egypt,EGY,2017,3.36,44.22
Egypt,EGY,2018,3.36,43.28
Egypt,EGY,2019,3.06,43.53
Egypt,EGY,2020,2.93,43.18
Egypt,EGY,2021,2.93,43.83
Egypt,EGY,2022,2.93,30.23
Egypt,EGY,2023,2.93,33.37
El Salvador,SLV,2013,6.53,77.14
El Salvador,SLV,2014,6.53,78.43
El Salvador,SLV,2015,6.64,76.34
El Salvador,SLV,2016,6.64,72.8
El Salvador,SLV,2017,6.43,72.76
El Salvador,SLV,2018,5.96,72.22
El Salvador,SLV,2019,6.15,70.19
El Salvador,SLV,2020,5.9,70.3
El Salvador,SLV,2021,5.72,69.51
El Salvador,SLV,2022,5.06,54.09
El Salvador,SLV,2023,4.71,51.36
Equatorial Guinea,GNQ,2013,1.77,32.8
Equatorial Guinea,GNQ,2014,1.66,32.05
Equatorial Guinea,GNQ,2015,1.77,33.77
Equatorial Guinea,GNQ,2016,1.7,33.53
Equatorial Guinea,GNQ,2017,1.81,33.53
Equatorial Guinea,GNQ,2018,1.92,33.53
Equatorial Guinea,GNQ,2019,1.92,41.65
Equatorial Guinea,GNQ,2020,1.92,43.62
Equatorial Guinea,GNQ,2021,1.92,44.33
Equatorial Guinea,GNQ,2022,1.92,43.96
Eritrea,ERI,2013,2.4,15.17
Eritrea,ERI,2014,2.44,15.17
Eritrea,ERI,2015,2.37,15.14
Eritrea,ERI,2016,2.37,16.08
Eritrea,ERI,2017,2.37,15.76
Eritrea,ERI,2018,2.37,15.76
Eritrea,ERI,2019,2.37,19.74
Eritrea,ERI,2020,2.15,16.5
Eritrea,ERI,2021,2.03,18.55
Eritrea,ERI,2022,2.03,19.62
Estonia,EST,2013,7.61,90.74
Estonia,EST,2014,7.74,90.37
Estonia,EST,2015,7.85,88.81
Estonia,EST,2016,7.85,85.69
Estonia,EST,2017,7.79,86.45
Estonia,EST,2018,7.97,85.92
Estonia,EST,2019,7.9,87.73
Estonia,EST,2020,7.84,87.39
Estonia,EST,2021,7.84,84.75
Estonia,EST,2022,7.96,88.83
Estonia,EST,2023,7.96,85.31
Eswatini,SWZ,2013,3.2,53.24
Eswatini,SWZ,2014,3.09,53.24
Eswatini,SWZ,2015,3.09,52.72
Eswatini,SWZ,2016,3.03,47.63
Eswatini,SWZ,2017,3.03,48.73
Eswatini,SWZ,2018,3.03,48.54
Eswatini,SWZ,2019,3.14,50.91
Eswatini,SWZ,2020,3.08,54.85
Eswatini,SWZ,2021,3.08,53.66
Eswatini,SWZ,2022,3.01,46.42
Eswatini,SWZ,2023,2.78,52.66
Ethiopia,ETH,2013,3.83,60.43
Ethiopia,ETH,2014,3.72,59.42
Ethiopia,ETH,2015,3.83,58.17
Ethiopia,ETH,2016,3.6,54.87
Ethiopia,ETH,2017,3.42,49.66
Ethiopia,ETH,2018,3.35,49.83
Ethiopia,ETH,2019,3.44,64.89
Ethiopia,ETH,2020,3.38,67.18
Ethiopia,ETH,2021,3.3,66.37
Ethiopia,ETH,2022,3.17,50.53
Ethiopia,ETH,2023,3.37,47.7
Fiji,FJI,2013,3.61,67.31
Fiji,FJI,2014,5.61,67.43
Fiji,FJI,2015,5.69,68.72
Fiji,FJI,2016,5.64,70.63
Fiji,FJI,2017,5.85,71.36
Fiji,FJI,2018,5.85,73.45
Fiji,FJI,2019,5.85,72.82
Fiji,FJI,2020,5.72,72.59
Fiji,FJI,2021,5.61,72.08
Fiji,FJI,2022,5.55,56.91
Fiji,FJI,2023,5.55,59.27
Finland,FIN,2013,9.03,93.62
Finland,FIN,2014,9.03,93.6
Finland,FIN,2015,9.03,92.48
Finland,FIN,2016,9.03,91.41
Finland,FIN,2017,9.03,91.08
Finland,FIN,2018,9.14,89.74
Finland,FIN,2019,9.25,92.1
Finland,FIN,2020,9.2,92.07
Finland,FIN,2021,9.27,93.01
Finland,FIN,2022,9.29,88.42
Finland,FIN,2023,9.3,87.94
France,FRA,2013,7.92,78.4
France,FRA,2014,8.04,78.11
France,FRA,2015,7.92,78.85
France,FRA,2016,7.92,76.17
France,FRA,2017,7.8,77.76
France,FRA,2018,7.8,78.13
France,FRA,2019,8.12,77.79
France,FRA,2020,7.99,77.08
France,FRA,2021,7.99,77.4
France,FRA,2022,8.07,78.53
France,FRA,2023,8.07,78.72
Gabon,GAB,2013,3.76,71.31
Gabon,GAB,2014,3.76,68.68
Gabon,GAB,2015,3.76,68.62
Gabon,GAB,2016,3.74,67.8
Gabon,GAB,2017,3.61,65.17
Gabon,GAB,2018,3.61,67.63
Gabon,GAB,2019,3.61,64.4
Gabon,GAB,2020,3.54,62.8
Gabon,GAB,2021,3.4,61.4
Gabon,GAB,2022,3.4,56.0
Gabon,GAB,2023,2.18,58.12
Gambia,GMB,2013,3.31,54.91
Gambia,GMB,2014,3.05,53.58
Gambia,GMB,2015,2.97,55.5
Gambia,GMB,2016,2.91,53.47
Gambia,GMB,2017,4.06,53.3
Gambia,GMB,2018,4.31,61.64
Gambia,GMB,2019,4.33,68.65
Gambia,GMB,2020,4.49,69.38
Gambia,GMB,2021,4.41,69.24
Gambia,GMB,2022,4.47,69.25
Gambia,GMB,2023,4.47,71.06
Georgia,GEO,2013,5.95,69.91
Georgia,GEO,2014,5.82,70.22
Georgia,GEO,2015,5.88,72.3
Georgia,GEO,2016,5.93,72.04
Georgia,GEO,2017,5.93,72.24
Georgia,GEO,2018,5.5,72.66
Georgia,GEO,2019,5.42,71.02
Georgia,GEO,2020,5.31,71.41
Georgia,GEO,2021,5.12,71.36
Georgia,GEO,2022,5.2,59.3
Georgia,GEO,2023,5.2,61.69
Germany,DEU,2013,8.31,89.76
Germany,DEU,2014,8.64,89.77
Germany,DEU,2015,8.64,88.53
Germany,DEU,2016,8.63,85.2
Germany,DEU,2017,8.61,85.03
Germany,DEU,2018,8.68,85.61
Germany,DEU,2019,8.68,85.4
Germany,DEU,2020,8.67,87.84
Germany,DEU,2021,8.67,84.76
Germany,DEU,2022,8.8,82.04
Germany,DEU,2023,8.8,81.91
Ghana,GHA,2013,6.33,82.73
Ghana,GHA,2014,6.33,83.71
Ghana,GHA,2015,6.86,84.5
Ghana,GHA,2016,6.75,82.05
Ghana,GHA,2017,6.69,82.05
Ghana,GHA,2018,6.63,81.59
Ghana,GHA,2019,6.63,79.19
Ghana,GHA,2020,6.5,77.74
Ghana,GHA,2021,6.5,78.67
Ghana,GHA,2022,6.43,67.43
Ghana,GHA,2023,6.3,65.93
Greece,GRC,2013,7.65,71.54
Greece,GRC,2014,7.45,68.67
Greece,GRC,2015,7.45,68.99
Greece,GRC,2016,7.23,69.65
Greece,GRC,2017,7.29,69.11
Greece,GRC,2018,7.29,70.81
Greece,GRC,2019,7.43,70.92
Greece,GRC,2020,7.39,71.2
Greece,GRC,2021,7.56,70.99
Greece,GRC,2022,7.97,55.52
Greece,GRC,2023,8.14,55.2
Guatemala,GTM,2013,5.81,70.61
Guatemala,GTM,2014,5.81,63.39
Guatemala,GTM,2015,5.92,62.08
Guatemala,GTM,2016,5.92,61.97
Guatemala,GTM,2017,5.86,60.67
Guatemala,GTM,2018,5.6,63.83
Guatemala,GTM,2019,5.26,64.06
Guatemala,GTM,2020,4.97,64.26
Guatemala,GTM,2021,4.62,61.55
Guatemala,GTM,2022,4.68,47.94
Guatemala,GTM,2023,4.47,48.12
Guinea,GIN,2013,2.84,71.51
Guinea,GIN,2014,3.01,68.33
Guinea,GIN,2015,3.14,67.44
Guinea,GIN,2016,3.14,66.92
Guinea,GIN,2017,3.14,66.85
Guinea,GIN,2018,3.14,68.1
Guinea,GIN,2019,3.14,66.51
Guinea,GIN,2020,3.08,65.66
Guinea,GIN,2021,2.28,64.58
Guinea,GIN,2022,2.32,59.82
Guinea,GIN,2023,2.21,59.51
Guinea-Bissau,GNB,2013,1.26,71.06
Guinea-Bissau,GNB,2014,1.93,69.95
Guinea-Bissau,GNB,2015,1.93,71.3
Guinea-Bissau,GNB,2016,1.98,70.97
Guinea-Bissau,GNB,2017,1.98,69.91
Guinea-Bissau,GNB,2018,1.98,69.91
Guinea-Bissau,GNB,2019,2.63,69.05
Guinea-Bissau,GNB,2020,2.63,67.94
Guinea-Bissau,GNB,2021,2.75,67.32
Guinea-Bissau,GNB,2022,2.56,58.79
Guinea-Bissau,GNB,2023,2.45,61.57
Guyana,GUY,2013,6.05,72.92
Guyana,GUY,2014,5.91,72.92
Guyana,GUY,2015,6.05,72.79
Guyana,GUY,2016,6.25,72.93
Guyana,GUY,2017,6.46,73.2
Guyana,GUY,2018,6.67,73.75
Guyana,GUY,2019,6.15,73.37
Guyana,GUY,2020,6.01,73.37
Guyana,GUY,2021,6.25,74.39
Guyana,GUY,2022,6.34,76.41
Guyana,GUY,2023,6.26,67.5
Haiti,HTI,2013,3.94,75.91
Haiti,HTI,2014,3.82,76.47
Haiti,HTI,2015,3.94,74.92
Haiti,HTI,2016,4.02,75.34
Haiti,HTI,2017,4.03,73.64
Haiti,HTI,2018,4.91,73.18
Haiti,HTI,2019,4.57,71.0
Haiti,HTI,2020,4.22,69.8
Haiti,HTI,2021,3.48,68.88
Haiti,HTI,2022,2.81,64.55
Haiti,HTI,2023,2.81,57.38
Honduras,HND,2013,5.84,63.08
Honduras,HND,2014,5.84,62.86
Honduras,HND,2015,5.84,60.73
Honduras,HND,2016,5.92,55.38
Honduras,HND,2017,5.72,56.25
Honduras,HND,2018,5.63,54.77
Honduras,HND,2019,5.42,51.47
Honduras,HND,2020,5.36,51.8
Honduras,HND,2021,5.1,50.65
Honduras,HND,2022,5.15,34.61
Honduras,HND,2023,4.98,32.65
Hong Kong,HKG,2013,6.42,73.84
Hong Kong,HKG,2014,6.46,73.45
Hong Kong,HKG,2015,6.5,72.24
Hong Kong,HKG,2016,6.42,71.5
Hong Kong,HKG,2017,6.31,70.54
Hong Kong,HKG,2018,6.15,70.96
Hong Kong,HKG,2019,6.02,70.35
Hong Kong,HKG,2020,5.57,69.99
Hong Kong,HKG,2021,5.6,69.56
Hong Kong,HKG,2022,5.28,41.64
Hong Kong,HKG,2023,5.24,44.86
Hungary,HUN,2013,6.96,73.91
Hungary,HUN,2014,6.9,73.27
Hungary,HUN,2015,6.84,72.56
Hungary,HUN,2016,6.72,71.83
Hungary,HUN,2017,6.64,70.99
Hungary,HUN,2018,6.63,70.89
Hungary,HUN,2019,6.63,69.56
Hungary,HUN,2020,6.56,69.16
Hungary,HUN,2021,6.5,68.24
Hungary,HUN,2022,6.64,59.8
Hungary,HUN,2023,6.72,62.96
Iceland,ISL,2013,9.65,91.51
Iceland,ISL,2014,9.58,91.5
Iceland,ISL,2015,9.58,86.13
Iceland,ISL,2016,9.5,84.7
Iceland,ISL,2017,9.58,86.97
Iceland,ISL,2018,9.58,85.9
Iceland,ISL,2019,9.58,85.29
Iceland,ISL,2020,9.37,84.88
Iceland,ISL,2021,9.18,84.63
Iceland,ISL,2022,9.52,82.69
Iceland,ISL,2023,9.45,83.19
India,IND,2013,7.69,58.78
India,IND,2014,7.92,59.66
India,IND,2015,7.74,59.51
India,IND,2016,7.81,56.83
India,IND,2017,7.23,57.06
India,IND,2018,7.23,56.76
India,IND,2019,6.9,54.33
India,IND,2020,6.61,54.67
India,IND,2021,6.91,53.44
India,IND,2022,7.04,41.0
India,IND,2023,7.18,36.62
Indonesia,IDN,2013,6.82,58.95
Indonesia,IDN,2014,6.95,61.85
Indonesia,IDN,2015,7.03,59.25
Indonesia,IDN,2016,6.97,58.28
Indonesia,IDN,2017,6.39,60.07
Indonesia,IDN,2018,6.39,60.32
Indonesia,IDN,2019,6.48,63.23
Indonesia,IDN,2020,6.3,63.18
Indonesia,IDN,2021,6.71,62.6
Indonesia,IDN,2022,6.71,49.27
Indonesia,IDN,2023,6.53,54.83
Iran,IRN,2013,1.98,26.6
Iran,IRN,2014,1.98,27.71
Iran,IRN,2015,2.16,27.68
Iran,IRN,2016,2.34,33.48
Iran,IRN,2017,2.45,34.88
Iran,IRN,2018,2.45,39.29
Iran,IRN,2019,2.38,35.59
Iran,IRN,2020,2.2,35.19
Iran,IRN,2021,1.95,27.3
Iran,IRN,2022,1.96,23.22
Iraq,IRQ,2013,4.1,55.33
Iraq,IRQ,2014,4.23,54.56
Iraq,IRQ,2015,4.08,52.24
Iraq,IRQ,2016,4.08,45.65
Iraq,IRQ,2017,4.09,45.97
Iraq,IRQ,2018,4.06,43.44
Iraq,IRQ,2019,3.74,47.4
Iraq,IRQ,2020,3.62,44.63
Iraq,IRQ,2021,3.51,44.43
Iraq,IRQ,2022,3.13,28.59
Iraq,IRQ,2023,2.88,32.94
Ireland,IRL,2013,8.68,89.94
Ireland,IRL,2014,8.72,89.13
Ireland,IRL,2015,8.85,88.8
Ireland,IRL,2016,9.15,87.6
Ireland,IRL,2017,9.15,85.92
Ireland,IRL,2018,9.15,85.41
Ireland,IRL,2019,9.24,85.0
Ireland,IRL,2020,9.05,87.4
Ireland,IRL,2021,9.0,88.09
Ireland,IRL,2022,9.13,88.3
Ireland,IRL,2023,9.19,89.91
Israel,ISR,2013,7.53,67.03
Israel,ISR,2014,7.63,68.81
Israel,ISR,2015,7.77,67.91
Israel,ISR,2016,7.85,67.42
Israel,ISR,2017,7.79,68.99
Israel,ISR,2018,7.79,69.74
Israel,ISR,2019,7.86,69.2
Israel,ISR,2020,7.84,69.16
Israel,ISR,2021,7.97,69.1
Israel,ISR,2022,7.93,59.62
Israel,ISR,2023,7.8,57.57
Italy,ITA,2013,7.85,73.89
Italy,ITA,2014,7.85,76.25
Italy,ITA,2015,7.98,72.06
Italy,ITA,2016,7.98,71.07
Italy,ITA,2017,7.98,73.74
Italy,ITA,2018,7.71,75.88
Italy,ITA,2019,7.52,75.02
Italy,ITA,2020,7.74,76.31
Italy,ITA,2021,7.68,76.61
Italy,ITA,2022,7.69,68.16
Italy,ITA,2023,7.69,72.05
Jamaica,JAM,2013,7.39,90.12
Jamaica,JAM,2014,7.39,89.1
Jamaica,JAM,2015,7.39,88.82
Jamaica,JAM,2016,7.39,87.55
Jamaica,JAM,2017,7.29,87.27
Jamaica,JAM,2018,7.02,88.67
Jamaica,JAM,2019,6.96,88.87
Jamaica,JAM,2020,7.13,89.49
Jamaica,JAM,2021,7.13,90.04
Jamaica,JAM,2022,7.13,83.35
Jamaica,JAM,2023,7.06,75.89
Japan,JPN,2013,8.08,74.83
Japan,JPN,2014,8.08,73.98
Japan,JPN,2015,7.96,73.05
Japan,JPN,2016,7.99,71.33
Japan,JPN,2017,7.88,70.56
Japan,JPN,2018,7.99,71.36
Japan,JPN,2019,7.99,70.64
Japan,JPN,2020,8.13,71.14
Japan,JPN,2021,8.15,71.12
Japan,JPN,2022,8.33,64.37
Japan,JPN,2023,8.4,63.95
Jordan,JOR,2013,3.76,61.53
Jordan,JOR,2014,3.76,59.58
Jordan,JOR,2015,3.86,57.93
Jordan,JOR,2016,3.96,55.51
Jordan,JOR,2017,3.87,56.76
Jordan,JOR,2018,3.93,58.29
Jordan,JOR,2019,3.93,56.89
Jordan,JOR,2020,3.62,57.92
Jordan,JOR,2021,3.49,57.11
Jordan,JOR,2022,3.17,48.66
Jordan,JOR,2023,3.04,42.79
Kazakhstan,KAZ,2013,3.06,44.92
Kazakhstan,KAZ,2014,3.17,45.06
Kazakhstan,KAZ,2015,3.06,46.54
Kazakhstan,KAZ,2016,3.06,45.45
Kazakhstan,KAZ,2017,3.06,45.99
Kazakhstan,KAZ,2018,2.94,45.59
Kazakhstan,KAZ,2019,2.94,47.18
Kazakhstan,KAZ,2020,3.14,45.89
Kazakhstan,KAZ,2021,3.08,49.72
Kazakhstan,KAZ,2022,3.08,48.28
Kazakhstan,KAZ,2023,3.08,45.87
Kenya,KEN,2013,5.13,72.2
Kenya,KEN,2014,5.13,69.3
Kenya,KEN,2015,5.33,67.93
Kenya,KEN,2016,5.33,68.84
Kenya,KEN,2017,5.11,68.8
Kenya,KEN,2018,5.11,69.18
Kenya,KEN,2019,5.18,67.56
Kenya,KEN,2020,5.05,66.28
Kenya,KEN,2021,5.05,66.35
Kenya,KEN,2022,5.05,64.59
Kenya,KEN,2023,5.05,51.15
Kuwait,KWT,2013,3.78,71.72
Kuwait,KWT,2014,3.78,69.29
Kuwait,KWT,2015,3.85,69.16
Kuwait,KWT,2016,3.85,67.41
Kuwait,KWT,2017,3.85,66.39
Kuwait,KWT,2018,3.85,68.09
Kuwait,KWT,2019,3.93,66.14
Kuwait,KWT,2020,3.8,65.7
Kuwait,KWT,2021,3.91,65.64
Kuwait,KWT,2022,3.83,37.87
Kuwait,KWT,2023,3.5,38.84
Kyrgyzstan,KGZ,2013,4.69,67.8
Kyrgyzstan,KGZ,2014,5.24,68.76
Kyrgyzstan,KGZ,2015,5.33,69.31
Kyrgyzstan,KGZ,2016,4.93,69.84
Kyrgyzstan,KGZ,2017,5.11,69.08
Kyrgyzstan,KGZ,2018,5.11,69.0
Kyrgyzstan,KGZ,2019,4.89,70.08
Kyrgyzstan,KGZ,2020,4.21,69.81
Kyrgyzstan,KGZ,2021,3.62,69.63
Kyrgyzstan,KGZ,2022,3.62,64.25
Kyrgyzstan,KGZ,2023,3.7,49.91
Laos,LAO,2013,2.21,32.01
Laos,LAO,2014,2.21,28.78
Laos,LAO,2015,2.21,28.75
Laos,LAO,2016,2.37,28.42
Laos,LAO,2017,2.37,33.59
Laos,LAO,2018,2.37,33.59
Laos,LAO,2019,2.14,35.51
Laos,LAO,2020,1.77,35.72
Laos,LAO,2021,1.77,29.44
Laos,LAO,2022,1.77,36.64
Latvia,LVA,2013,7.05,77.11
Latvia,LVA,2014,7.48,78.9
Latvia,LVA,2015,7.37,81.88
Latvia,LVA,2016,7.31,82.62
Latvia,LVA,2017,7.25,81.38
Latvia,LVA,2018,7.38,80.37
Latvia,LVA,2019,7.49,80.47
Latvia,LVA,2020,7.24,81.44
Latvia,LVA,2021,7.31,80.74
Latvia,LVA,2022,7.37,79.17
Latvia,LVA,2023,7.38,83.27
Lebanon,LBN,2013,5.05,69.85
Lebanon,LBN,2014,5.12,68.11
Lebanon,LBN,2015,4.86,68.19
Lebanon,LBN,2016,4.86,68.05
Lebanon,LBN,2017,4.72,66.99
Lebanon,LBN,2018,4.63,68.85
Lebanon,LBN,2019,4.36,67.56
Lebanon,LBN,2020,4.16,66.81
Lebanon,LBN,2021,3.84,65.07
Lebanon,LBN,2022,3.64,46.58
Lebanon,LBN,2023,3.56,50.46
Lesotho,LSO,2013,6.66,71.64
Lesotho,LSO,2014,6.66,71.64
Lesotho,LSO,2015,6.59,71.64
Lesotho,LSO,2016,6.59,71.22
Lesotho,LSO,2017,6.64,71.22
Lesotho,LSO,2018,6.64,71.22
Lesotho,LSO,2019,6.54,70.26
Lesotho,LSO,2020,6.3,69.55
Lesotho,LSO,2021,6.3,68.39
Lesotho,LSO,2022,6.19,59.39
Lesotho,LSO,2023,6.06,64.29
Liberia,LBR,2013,4.95,70.11
Liberia,LBR,2014,4.95,69.35
Liberia,LBR,2015,4.95,69.22
Liberia,LBR,2016,5.31,69.29
Liberia,LBR,2017,5.23,68.88
Liberia,LBR,2018,5.35,69.67
Liberia,LBR,2019,5.45,68.51
Liberia,LBR,2020,5.32,67.75
Liberia,LBR,2021,5.43,66.64
Liberia,LBR,2022,5.43,62.77
Liberia,LBR,2023,5.57,64.34
Libya,LBY,2013,4.82,62.14
Libya,LBY,2014,3.8,60.16
Libya,LBY,2015,2.25,54.01
Libya,LBY,2016,2.25,42.11
Libya,LBY,2017,2.32,43.19
Libya,LBY,2018,2.19,43.21
Libya,LBY,2019,2.02,44.23
Libya,LBY,2020,1.95,44.23
Libya,LBY,2021,1.95,44.27
Libya,LBY,2022,2.06,43.16
Lithuania,LTU,2013,7.54,81.76
Lithuania,LTU,2014,7.54,80.8
Lithuania,LTU,2015,7.54,81.2
Lithuania,LTU,2016,7.47,80.05
Lithuania,LTU,2017,7.41,78.63
Lithuania,LTU,2018,7.5,77.8
Lithuania,LTU,2019,7.5,77.94
Lithuania,LTU,2020,7.13,78.81
Lithuania,LTU,2021,7.18,79.85
Lithuania,LTU,2022,7.31,84.14
Lithuania,LTU,2023,7.31,86.79
Luxembourg,LUX,2013,8.88,93.32
Luxembourg,LUX,2014,8.88,93.3
Luxembourg,LUX,2015,8.88,86.39
Luxembourg,LUX,2016,8.81,85.57
Luxembourg,LUX,2017,8.81,85.28
Luxembourg,LUX,2018,8.81,85.28
Luxembourg,LUX,2019,8.81,84.34
Luxembourg,LUX,2020,8.68,84.54
Luxembourg,LUX,2021,8.68,82.44
Luxembourg,LUX,2022,8.81,79.81
Luxembourg,LUX,2023,8.81,81.98
Madagascar,MDG,2013,4.32,71.38
Madagascar,MDG,2014,4.42,70.62
Madagascar,MDG,2015,4.85,72.57
Madagascar,MDG,2016,5.07,72.96
Madagascar,MDG,2017,5.11,73.29
Madagascar,MDG,2018,5.22,73.8
Madagascar,MDG,2019,5.64,72.24
Madagascar,MDG,2020,5.7,72.32
Madagascar,MDG,2021,5.7,71.76
Madagascar,MDG,2022,5.7,58.02
Madagascar,MDG,2023,5.26,56.66
Malawi,MWI,2013,6.0,71.82
Malawi,MWI,2014,5.66,71.71
Malawi,MWI,2015,5.55,73.59
Malawi,MWI,2016,5.55,71.88
Malawi,MWI,2017,5.49,71.03
Malawi,MWI,2018,5.49,72.57
Malawi,MWI,2019,5.5,70.64
Malawi,MWI,2020,5.74,70.68
Malawi,MWI,2021,5.74,71.2
Malawi,MWI,2022,5.91,61.4
Malawi,MWI,2023,5.85,60.34
Malaysia,MYS,2013,6.49,57.27
Malaysia,MYS,2014,6.49,57.27
Malaysia,MYS,2015,6.43,56.71
Malaysia,MYS,2016,6.54,53.43
Malaysia,MYS,2017,6.54,53.11
Malaysia,MYS,2018,6.88,52.59
Malaysia,MYS,2019,7.16,63.26
Malaysia,MYS,2020,7.19,66.88
Malaysia,MYS,2021,7.24,60.53
Malaysia,MYS,2022,7.3,51.55
Malaysia,MYS,2023,7.29,62.83
Mali,MLI,2013,5.9,69.97
Mali,MLI,2014,5.79,63.71
Mali,MLI,2015,5.7,63.67
Mali,MLI,2016,5.7,60.17
Mali,MLI,2017,5.64,61.73
Mali,MLI,2018,5.41,63.85
Mali,MLI,2019,4.92,64.77
Mali,MLI,2020,3.93,65.88
Mali,MLI,2021,3.48,66.5
Mali,MLI,2022,3.23,54.48
Mali,MLI,2023,2.58,52.29
Malta,MLT,2013,8.28,76.7
Malta,MLT,2014,8.39,76.16
Malta,MLT,2015,8.39,75.84
Malta,MLT,2016,8.39,76.16
Malta,MLT,2017,8.15,75.24
Malta,MLT,2018,8.21,72.56
Malta,MLT,2019,7.95,70.26
Malta,MLT,2020,7.68,69.84
Malta,MLT,2021,7.57,69.54
Malta,MLT,2022,7.7,61.55
Malta,MLT,2023,7.93,59.76
Mauritania,MRT,2013,4.17,73.24
Mauritania,MRT,2014,4.17,73.47
Mauritania,MRT,2015,3.96,74.73
Mauritania,MRT,2016,3.96,75.97
Mauritania,MRT,2017,3.82,73.51
Mauritania,MRT,2018,3.82,70.91
Mauritania,MRT,2019,3.92,68.35
Mauritania,MRT,2020,3.92,67.46
Mauritania,MRT,2021,4.03,67.75
Mauritania,MRT,2022,4.03,58.1
Mauritania,MRT,2023,4.14,59.45
Mauritius,MUS,2013,8.17,73.53
Mauritius,MUS,2014,8.17,72.31
Mauritius,MUS,2015,8.28,72.31
Mauritius,MUS,2016,8.28,72.31
Mauritius,MUS,2017,8.22,73.33
Mauritius,MUS,2018,8.22,73.55
Mauritius,MUS,2019,8.22,71.54
Mauritius,MUS,2020,8.14,72.0
Mauritius,MUS,2021,8.08,71.26
Mauritius,MUS,2022,8.14,66.07
Mauritius,MUS,2023,8.14,65.56
Mexico,MEX,2013,6.91,54.7
Mexico,MEX,2014,6.68,54.96
Mexico,MEX,2015,6.55,56.31
Mexico,MEX,2016,6.47,50.67
Mexico,MEX,2017,6.41,51.03
Mexico,MEX,2018,6.19,51.09
Mexico,MEX,2019,6.09,53.22
Mexico,MEX,2020,6.07,54.55
Mexico,MEX,2021,5.57,53.29
Mexico,MEX,2022,5.25,47.57
Mexico,MEX,2023,5.14,47.98
Moldova,MDA,2013,6.32,73.99
Moldova,MDA,2014,6.32,74.65
Moldova,MDA,2015,6.35,72.15
Moldova,MDA,2016,6.01,71.17
Moldova,MDA,2017,5.94,69.59
Moldova,MDA,2018,5.85,69.99
Moldova,MDA,2019,5.75,68.79
Moldova,MDA,2020,5.78,68.84
Moldova,MDA,2021,6.1,68.39
Moldova,MDA,2022,6.23,73.47
Moldova,MDA,2023,6.23,77.62
Mongolia,MNG,2013,6.51,70.07
Mongolia,MNG,2014,6.62,69.7
Mongolia,MNG,2015,6.62,74.75
Mongolia,MNG,2016,6.62,72.39
Mongolia,MNG,2017,6.5,71.05
Mongolia,MNG,2018,6.5,70.95
Mongolia,MNG,2019,6.5,70.49
Mongolia,MNG,2020,6.48,70.39
Mongolia,MNG,2021,6.42,71.03
Mongolia,MNG,2022,6.35,59.17
Mongolia,MNG,2023,6.48,59.33
Montenegro,MNE,2013,5.94,67.03
Montenegro,MNE,2014,5.94,65.22
Montenegro,MNE,2015,6.01,65.37
Montenegro,MNE,2016,5.72,67.21
Montenegro,MNE,2017,5.69,66.35
Montenegro,MNE,2018,5.74,68.79
Montenegro,MNE,2019,5.65,67.26
Montenegro,MNE,2020,5.77,66.17
Montenegro,MNE,2021,6.02,65.67
Montenegro,MNE,2022,6.45,66.54
Montenegro,MNE,2023,6.67,74.28
Morocco,MAR,2013,4.07,60.96
Morocco,MAR,2014,4.0,60.28
Morocco,MAR,2015,4.66,60.81
Morocco,MAR,2016,4.77,57.36
Morocco,MAR,2017,4.87,57.58
Morocco,MAR,2018,4.99,56.87
Morocco,MAR,2019,5.1,56.02
Morocco,MAR,2020,5.04,57.12
Morocco,MAR,2021,5.04,56.06
Morocco,MAR,2022,5.04,45.42
Morocco,MAR,2023,5.04,43.69
Mozambique,MOZ,2013,4.77,71.99
Mozambique,MOZ,2014,4.66,70.74
Mozambique,MOZ,2015,4.6,70.02
Mozambique,MOZ,2016,4.02,69.75
Mozambique,MOZ,2017,4.02,68.95
Mozambique,MOZ,2018,3.85,68.88
Mozambique,MOZ,2019,3.65,67.34
Mozambique,MOZ,2020,3.51,66.21
Mozambique,MOZ,2021,3.51,64.61
Mozambique,MOZ,2022,3.51,49.89
Mozambique,MOZ,2023,3.51,56.13
Myanmar,MMR,2013,2.76,55.29
Myanmar,MMR,2014,3.05,58.57
Myanmar,MMR,2015,4.14,57.92
Myanmar,MMR,2016,4.2,54.52
Myanmar,MMR,2017,3.83,58.18
Myanmar,MMR,2018,3.83,56.85
Myanmar,MMR,2019,3.55,55.08
Myanmar,MMR,2020,3.04,55.23
Myanmar,MMR,2021,1.02,53.86
Myanmar,MMR,2022,0.74,25.03
Namibia,NAM,2013,6.24,87.5
Namibia,NAM,2014,6.24,87.5
Namibia,NAM,2015,6.31,87.5
Namibia,NAM,2016,6.31,84.85
Namibia,NAM,2017,6.31,82.92
Namibia,NAM,2018,6.25,79.76
Namibia,NAM,2019,6.43,81.05
Namibia,NAM,2020,6.52,80.75
Namibia,NAM,2021,6.52,80.28
Namibia,NAM,2022,6.52,81.84
Namibia,NAM,2023,6.52,80.91
Nepal,NPL,2013,4.77,65.39
Nepal,NPL,2014,4.77,63.84
Nepal,NPL,2015,4.77,67.29
Nepal,NPL,2016,4.86,67.38
Nepal,NPL,2017,5.18,66.98
Nepal,NPL,2018,5.18,67.95
Nepal,NPL,2019,5.28,66.6
Nepal,NPL,2020,5.22,64.9
Nepal,NPL,2021,4.41,65.38
Nepal,NPL,2022,4.49,62.67
Nepal,NPL,2023,4.6,57.89
Netherlands,NLD,2013,8.84,93.52
Netherlands,NLD,2014,8.92,93.54
Netherlands,NLD,2015,8.92,90.78
Netherlands,NLD,2016,8.8,91.24
Netherlands,NLD,2017,8.89,88.72
Netherlands,NLD,2018,8.89,89.99
Netherlands,NLD,2019,9.01,91.37
Netherlands,NLD,2020,8.96,90.04
Netherlands,NLD,2021,8.88,90.33
Netherlands,NLD,2022,9.0,77.93
Netherlands,NLD,2023,9.0,87.0
New Zealand,NZL,2013,9.26,91.62
New Zealand,NZL,2014,9.26,91.45
New Zealand,NZL,2015,9.26,89.94
New Zealand,NZL,2016,9.26,89.99
New Zealand,NZL,2017,9.26,86.02
New Zealand,NZL,2018,9.26,86.38
New Zealand,NZL,2019,9.26,89.25
New Zealand,NZL,2020,9.25,89.31
New Zealand,NZL,2021,9.37,89.96
New Zealand,NZL,2022,9.61,83.54
New Zealand,NZL,2023,9.61,84.23
Nicaragua,NIC,2013,5.46,71.69
Nicaragua,NIC,2014,5.32,72.3
Nicaragua,NIC,2015,5.26,72.06
Nicaragua,NIC,2016,4.81,71.18
Nicaragua,NIC,2017,4.66,68.99
Nicaragua,NIC,2018,3.63,69.59
Nicaragua,NIC,2019,3.55,64.47
Nicaragua,NIC,2020,3.6,64.19
Nicaragua,NIC,2021,2.69,60.02
Nicaragua,NIC,2022,2.5,37.09
Nicaragua,NIC,2023,2.26,37.09
Niger,NER,2013,4.08,76.92
Niger,NER,2014,4.02,76.41
Niger,NER,2015,3.85,76.15
Niger,NER,2016,3.96,75.38
Niger,NER,2017,3.76,72.79
Niger,NER,2018,3.76,72.6
Niger,NER,2019,3.29,70.74
Niger,NER,2020,3.29,71.75
Niger,NER,2021,3.22,71.56
Niger,NER,2022,3.73,67.8
Niger,NER,2023,2.37,66.84
Nigeria,NGA,2013,3.77,65.89
Nigeria,NGA,2014,3.76,65.76
Nigeria,NGA,2015,4.62,65.91
Nigeria,NGA,2016,4.5,64.1
Nigeria,NGA,2017,4.44,60.31
Nigeria,NGA,2018,4.44,62.59
Nigeria,NGA,2019,4.12,63.5
Nigeria,NGA,2020,4.1,64.37
Nigeria,NGA,2021,4.11,60.31
Nigeria,NGA,2022,4.23,46.79
Nigeria,NGA,2023,4.23,49.56
North Korea,PRK,2013,1.08,16.1
North Korea,PRK,2014,1.08,18.04
North Korea,PRK,2015,1.08,16.75
North Korea,PRK,2016,1.08,16.24
North Korea,PRK,2017,1.08,15.02
North Korea,PRK,2018,1.08,11.13
North Korea,PRK,2019,1.08,16.6
North Korea,PRK,2020,1.08,14.18
North Korea,PRK,2021,1.08,18.72
North Korea,PRK,2022,1.08,13.92
North Macedonia,MKD,2013,6.16,65.73
North Macedonia,MKD,2014,6.25,63.57
North Macedonia,MKD,2015,6.02,63.74
North Macedonia,MKD,2016,5.23,63.91
North Macedonia,MKD,2017,5.57,64.26
North Macedonia,MKD,2018,5.87,67.57
North Macedonia,MKD,2019,5.97,68.34
North Macedonia,MKD,2020,5.89,68.72
North Macedonia,MKD,2021,6.03,68.33
North Macedonia,MKD,2022,6.1,68.44
North Macedonia,MKD,2023,6.03,74.35
Norway,NOR,2013,9.93,93.48
Norway,NOR,2014,9.93,93.48
Norway,NOR,2015,9.93,92.25
Norway,NOR,2016,9.93,91.21
Norway,NOR,2017,9.87,92.4
Norway,NOR,2018,9.87,92.37
Norway,NOR,2019,9.87,92.18
Norway,NOR,2020,9.81,92.16
Norway,NOR,2021,9.75,93.28
Norway,NOR,2022,9.81,92.65
Norway,NOR,2023,9.81,95.18
Oman,OMN,2013,3.26,58.49
Oman,OMN,2014,3.15,61.17
Oman,OMN,2015,3.04,61.17
Oman,OMN,2016,3.04,59.57
Oman,OMN,2017,3.04,59.54
Oman,OMN,2018,3.04,59.33
Oman,OMN,2019,3.06,56.58
Oman,OMN,2020,3.0,56.58
Oman,OMN,2021,3.0,56.63
Oman,OMN,2022,3.12,35.99
Oman,OMN,2023,3.12,37.87
Pakistan,PAK,2013,4.64,48.69
Pakistan,PAK,2014,4.64,48.54
Pakistan,PAK,2015,4.4,49.54
Pakistan,PAK,2016,4.33,51.48
Pakistan,PAK,2017,4.26,56.45
Pakistan,PAK,2018,4.17,56.76
Pakistan,PAK,2019,4.25,54.17
Pakistan,PAK,2020,4.31,54.48
Pakistan,PAK,2021,4.31,53.14
Pakistan,PAK,2022,4.13,37.99
Pakistan,PAK,2023,3.25,39.95
Palestine,PSE,2013,4.8,56.91
Palestine,PSE,2014,4.72,59.89
Palestine,PSE,2015,4.57,58.99
Palestine,PSE,2016,4.49,57.07
Palestine,PSE,2017,4.46,57.1
Palestine,PSE,2018,4.39,57.04
Palestine,PSE,2019,3.89,55.32
Palestine,PSE,2020,3.83,55.91
Palestine,PSE,2021,3.94,56.82
Palestine,PSE,2022,3.86,28.98
Palestine,PSE,2023,3.47,37.86
Panama,PAN,2013,7.08,67.05
Panama,PAN,2014,7.08,69.8
Panama,PAN,2015,7.19,71.02
Panama,PAN,2016,7.13,69.41
Panama,PAN,2017,7.08,67.88
Panama,PAN,2018,7.05,69.44
Panama,PAN,2019,7.05,70.22
Panama,PAN,2020,7.18,70.22
Panama,PAN,2021,6.85,70.06
Panama,PAN,2022,6.91,62.78
Panama,PAN,2023,6.91,63.67
Papua New Guinea,PNG,2013,6.36,77.03
Papua New Guinea,PNG,2014,6.03,76.54
Papua New Guinea,PNG,2015,6.03,74.13
Papua New Guinea,PNG,2016,6.03,74.19
Papua New Guinea,PNG,2017,6.03,74.93
Papua New Guinea,PNG,2018,6.03,73.81
Papua New Guinea,PNG,2019,6.03,75.3
Papua New Guinea,PNG,2020,6.1,76.07
Papua New Guinea,PNG,2021,6.1,75.12
Papua New Guinea,PNG,2022,5.97,66.66
Papua New Guinea,PNG,2023,6.03,67.62
Paraguay,PRY,2013,6.26,71.22
Paraguay,PRY,2014,6.26,68.19
Paraguay,PRY,2015,6.33,66.26
Paraguay,PRY,2016,6.27,66.37
Paraguay,PRY,2017,6.31,64.36
Paraguay,PRY,2018,6.24,67.68
Paraguay,PRY,2019,6.24,67.6
Paraguay,PRY,2020,6.18,67.03
Paraguay,PRY,2021,5.86,66.48
Paraguay,PRY,2022,5.89,58.36
Paraguay,PRY,2023,6.0,55.96
Peru,PER,2013,6.54,68.13
Peru,PER,2014,6.54,68.3
Peru,PER,2015,6.58,68.79
Peru,PER,2016,6.65,70.01
Peru,PER,2017,6.49,69.02
Peru,PER,2018,6.6,69.73
Peru,PER,2019,6.6,69.78
Peru,PER,2020,6.53,69.06
Peru,PER,2021,6.09,68.29
Peru,PER,2022,5.92,61.75
Peru,PER,2023,5.81,52.74
Philippines,PHL,2013,6.41,56.89
Philippines,PHL,2014,6.77,56.31
Philippines,PHL,2015,6.84,58.81
Philippines,PHL,2016,6.94,55.34
Philippines,PHL,2017,6.71,58.92
Philippines,PHL,2018,6.71,57.47
Philippines,PHL,2019,6.64,56.09
Philippines,PHL,2020,6.56,56.46
Philippines,PHL,2021,6.62,54.36
Philippines,PHL,2022,6.73,41.84
Philippines,PHL,2023,6.66,46.21
Poland,POL,2013,7.12,86.89
Poland,POL,2014,7.47,88.97
Poland,POL,2015,7.09,87.29
Poland,POL,2016,6.83,76.11
Poland,POL,2017,6.67,73.53
Poland,POL,2018,6.67,73.41
Poland,POL,2019,6.62,71.11
Poland,POL,2020,6.85,71.35
Poland,POL,2021,6.8,71.16
Poland,POL,2022,7.04,65.64
Poland,POL,2023,7.18,67.66
Portugal,PRT,2013,7.65,83.25
Portugal,PRT,2014,7.79,82.27
Portugal,PRT,2015,7.79,82.89
Portugal,PRT,2016,7.86,82.73
Portugal,PRT,2017,7.84,84.23
Portugal,PRT,2018,7.84,85.83
Portugal,PRT,2019,8.03,87.37
Portugal,PRT,2020,7.9,88.17
Portugal,PRT,2021,7.82,89.89
Portugal,PRT,2022,7.95,87.07
Portugal,PRT,2023,7.75,84.6
Qatar,QAT,2013,3.18,67.14
Qatar,QAT,2014,3.18,65.68
Qatar,QAT,2015,3.18,64.65
Qatar,QAT,2016,3.18,64.03
Qatar,QAT,2017,3.19,60.17
Qatar,QAT,2018,3.19,59.84
Qatar,QAT,2019,3.19,57.49
Qatar,QAT,2020,3.24,57.49
Qatar,QAT,2021,3.65,57.4
Qatar,QAT,2022,3.65,49.03
Qatar,QAT,2023,3.65,55.28
Romania,ROU,2013,6.54,76.95
Romania,ROU,2014,6.68,76.52
Romania,ROU,2015,6.68,75.1
Romania,ROU,2016,6.62,75.71
Romania,ROU,2017,6.44,75.54
Romania,ROU,2018,6.38,76.35
Romania,ROU,2019,6.49,74.33
Romania,ROU,2020,6.4,74.09
Romania,ROU,2021,6.43,75.09
Romania,ROU,2022,6.45,68.46
Romania,ROU,2023,6.45,69.04
Russia,RUS,2013,3.59,56.58
Russia,RUS,2014,3.39,57.22
Russia,RUS,2015,3.31,55.03
Russia,RUS,2016,3.24,50.97
Russia,RUS,2017,3.17,50.55
Russia,RUS,2018,2.94,50.04
Russia,RUS,2019,3.11,49.69
Russia,RUS,2020,3.31,51.08
Russia,RUS,2021,3.24,51.29
Russia,RUS,2022,2.28,38.82
Russia,RUS,2023,2.22,34.77
Rwanda,RWA,2013,3.38,44.54
Rwanda,RWA,2014,3.25,43.43
Rwanda,RWA,2015,3.07,43.43
Rwanda,RWA,2016,3.07,45.39
Rwanda,RWA,2017,3.19,45.89
Rwanda,RWA,2018,3.35,47.1
Rwanda,RWA,2019,3.16,47.57
Rwanda,RWA,2020,3.1,49.66
Rwanda,RWA,2021,3.1,49.34
Rwanda,RWA,2022,3.1,45.18
Rwanda,RWA,2023,3.3,46.58
Saudi Arabia,SAU,2013,1.82,43.12
Saudi Arabia,SAU,2014,1.82,41.7
Saudi Arabia,SAU,2015,1.93,40.59
Saudi Arabia,SAU,2016,1.93,40.28
Saudi Arabia,SAU,2017,1.93,33.98
Saudi Arabia,SAU,2018,1.93,36.87
Saudi Arabia,SAU,2019,1.93,34.12
Saudi Arabia,SAU,2020,2.08,37.86
Saudi Arabia,SAU,2021,2.08,37.27
Saudi Arabia,SAU,2022,2.08,33.71
Senegal,SEN,2013,6.15,73.81
Senegal,SEN,2014,6.15,73.32
Senegal,SEN,2015,6.08,72.23
Senegal,SEN,2016,6.21,72.01
Senegal,SEN,2017,6.15,73.28
Senegal,SEN,2018,6.15,74.39
Senegal,SEN,2019,5.81,74.19
Senegal,SEN,2020,5.67,76.01
Senegal,SEN,2021,5.53,74.78
Senegal,SEN,2022,5.72,63.07
Senegal,SEN,2023,5.48,55.82
Serbia,SRB,2013,6.67,73.41
Serbia,SRB,2014,6.71,74.95
Serbia,SRB,2015,6.71,72.34
Serbia,SRB,2016,6.57,72.4
Serbia,SRB,2017,6.41,71.95
Serbia,SRB,2018,6.41,70.42
Serbia,SRB,2019,6.41,68.82
Serbia,SRB,2020,6.22,68.38
Serbia,SRB,2021,6.36,67.97
Serbia,SRB,2022,6.33,61.51
Serbia,SRB,2023,6.33,59.16
Sierra Leone,SLE,2013,4.64,73.65
Sierra Leone,SLE,2014,4.56,71.77
Sierra Leone,SLE,2015,4.55,71.53
Sierra Leone,SLE,2016,4.55,70.06
Sierra Leone,SLE,2017,4.66,69.27
Sierra Leone,SLE,2018,4.66,70.02
Sierra Leone,SLE,2019,4.86,69.64
Sierra Leone,SLE,2020,4.86,69.72
Sierra Leone,SLE,2021,4.97,70.39
Sierra Leone,SLE,2022,5.03,71.03
Sierra Leone,SLE,2023,4.32,62.55
Singapore,SGP,2013,5.92,56.57
Singapore,SGP,2014,6.03,55.71
Singapore,SGP,2015,6.14,54.13
Singapore,SGP,2016,6.38,47.04
Singapore,SGP,2017,6.32,48.9
Singapore,SGP,2018,6.38,49.05
Singapore,SGP,2019,6.02,48.59
Singapore,SGP,2020,6.03,44.77
Singapore,SGP,2021,6.23,44.8
Singapore,SGP,2022,6.22,44.23
Singapore,SGP,2023,6.18,47.88
Slovakia,SVK,2013,7.35,86.75
Slovakia,SVK,2014,7.35,88.61
Slovakia,SVK,2015,7.29,88.34
Slovakia,SVK,2016,7.29,86.74
Slovakia,SVK,2017,7.16,84.49
Slovakia,SVK,2018,7.1,79.74
Slovakia,SVK,2019,7.17,76.42
Slovakia,SVK,2020,6.97,77.33
Slovakia,SVK,2021,7.03,76.98
Slovakia,SVK,2022,7.07,78.37
Slovakia,SVK,2023,7.07,83.22
Slovenia,SVN,2013,7.88,79.51
Slovenia,SVN,2014,7.57,79.62
Slovenia,SVN,2015,7.57,79.45
Slovenia,SVN,2016,7.51,77.74
Slovenia,SVN,2017,7.5,78.3
Slovenia,SVN,2018,7.5,78.31
Slovenia,SVN,2019,7.5,77.69
Slovenia,SVN,2020,7.54,77.36
Slovenia,SVN,2021,7.54,76.9
Slovenia,SVN,2022,7.75,68.54
Slovenia,SVN,2023,7.75,70.59
South Africa,ZAF,2013,7.9,75.44
South Africa,ZAF,2014,7.82,76.81
South Africa,ZAF,2015,7.56,77.94
South Africa,ZAF,2016,7.41,78.08
South Africa,ZAF,2017,7.24,79.88
South Africa,ZAF,2018,7.24,79.61
South Africa,ZAF,2019,7.24,77.81
South Africa,ZAF,2020,7.05,77.59
South Africa,ZAF,2021,7.05,78.41
South Africa,ZAF,2022,7.05,75.56
South Africa,ZAF,2023,7.05,78.6
South Korea,KOR,2013,8.06,75.52
South Korea,KOR,2014,8.06,74.34
South Korea,KOR,2015,7.97,73.45
South Korea,KOR,2016,7.92,71.42
South Korea,KOR,2017,8.0,72.39
South Korea,KOR,2018,8.0,76.49
South Korea,KOR,2019,8.0,75.06
South Korea,KOR,2020,8.01,76.3
South Korea,KOR,2021,8.16,76.57
South Korea,KOR,2022,8.03,72.11
South Korea,KOR,2023,8.09,70.83
Spain,ESP,2013,8.02,79.5
Spain,ESP,2014,8.05,79.37
Spain,ESP,2015,8.3,80.05
Spain,ESP,2016,8.3,80.08
Spain,ESP,2017,8.08,81.31
Spain,ESP,2018,8.08,79.49
Spain,ESP,2019,8.29,78.01
Spain,ESP,2020,8.12,77.84
Spain,ESP,2021,7.94,79.56
Spain,ESP,2022,8.07,76.71
Spain,ESP,2023,8.07,75.37
Sri Lanka,LKA,2013,5.69,43.41
Sri Lanka,LKA,2014,5.69,40.87
Sri Lanka,LKA,2015,6.42,39.72
Sri Lanka,LKA,2016,6.48,55.04
Sri Lanka,LKA,2017,6.48,55.66
Sri Lanka,LKA,2018,6.19,58.63
Sri Lanka,LKA,2019,6.27,60.39
Sri Lanka,LKA,2020,6.14,58.06
Sri Lanka,LKA,2021,6.14,57.8
Sri Lanka,LKA,2022,6.47,42.13
Sri Lanka,LKA,2023,6.17,45.85
Sudan,SDN,2013,2.54,29.94
Sudan,SDN,2014,2.54,28.12
Sudan,SDN,2015,2.37,27.66
Sudan,SDN,2016,2.37,27.47
Sudan,SDN,2017,2.15,26.44
Sudan,SDN,2018,2.15,28.87
Sudan,SDN,2019,2.7,27.55
Sudan,SDN,2020,2.54,44.67
Sudan,SDN,2021,2.47,47.07
Sudan,SDN,2022,2.47,40.96
Suriname,SUR,2013,6.77,81.81
Suriname,SUR,2014,6.77,81.8
Suriname,SUR,2015,6.77,81.8
Suriname,SUR,2016,6.77,83.3
Suriname,SUR,2017,6.76,83.93
Suriname,SUR,2018,6.98,83.56
Suriname,SUR,2019,6.98,83.62
Suriname,SUR,2020,6.82,82.5
Suriname,SUR,2021,6.82,83.05
Suriname,SUR,2022,6.95,68.95
Suriname,SUR,2023,6.88,70.62
Sweden,SWE,2013,9.73,90.77
Sweden,SWE,2014,9.73,91.02
Sweden,SWE,2015,9.45,90.53
Sweden,SWE,2016,9.39,87.67
Sweden,SWE,2017,9.39,91.73
Sweden,SWE,2018,9.39,91.69
Sweden,SWE,2019,9.39,91.69
Sweden,SWE,2020,9.26,90.75
Sweden,SWE,2021,9.26,92.76
Sweden,SWE,2022,9.39,88.84
Sweden,SWE,2023,9.39,88.15
Switzerland,CHE,2013,9.09,90.06
Switzerland,CHE,2014,9.09,89.53
Switzerland,CHE,2015,9.09,86.15
Switzerland,CHE,2016,9.09,88.24
Switzerland,CHE,2017,9.03,87.87
Switzerland,CHE,2018,9.03,88.73
Switzerland,CHE,2019,9.03,89.48
Switzerland,CHE,2020,8.83,89.38
Switzerland,CHE,2021,8.9,89.45
Switzerland,CHE,2022,9.14,82.72
Switzerland,CHE,2023,9.14,84.4
Syria,SYR,2013,1.86,21.47
Syria,SYR,2014,1.74,22.96
Syria,SYR,2015,1.43,22.71
Syria,SYR,2016,1.43,18.65
Syria,SYR,2017,1.43,18.51
Syria,SYR,2018,1.43,20.78
Syria,SYR,2019,1.43,28.22
Syria,SYR,2020,1.43,27.43
Syria,SYR,2021,1.43,29.37
Syria,SYR,2022,1.43,28.94
Taiwan,TWN,2013,7.57,76.18
Taiwan,TWN,2014,7.65,76.18
Taiwan,TWN,2015,7.83,75.17
Taiwan,TWN,2016,7.79,75.63
Taiwan,TWN,2017,7.73,75.63
Taiwan,TWN,2018,7.73,76.64
Taiwan,TWN,2019,7.73,75.02
Taiwan,TWN,2020,8.94,76.24
Taiwan,TWN,2021,8.99,76.14
Taiwan,TWN,2022,8.99,74.08
Taiwan,TWN,2023,8.92,75.54
Tajikistan,TJK,2013,2.51,64.29
Tajikistan,TJK,2014,2.37,65.14
Tajikistan,TJK,2015,1.95,63.81
Tajikistan,TJK,2016,1.89,49.66
Tajikistan,TJK,2017,1.93,49.73
Tajikistan,TJK,2018,1.93,49.94
Tajikistan,TJK,2019,1.93,45.98
Tajikistan,TJK,2020,1.94,44.66
Tajikistan,TJK,2021,1.94,44.48
Tajikistan,TJK,2022,1.94,40.26
Tanzania,TZA,2013,5.77,72.66
Tanzania,TZA,2014,5.77,72.7
Tanzania,TZA,2015,5.58,71.91
Tanzania,TZA,2016,5.76,71.35
Tanzania,TZA,2017,5.47,69.35
Tanzania,TZA,2018,5.41,69.35
Tanzania,TZA,2019,5.16,63.72
Tanzania,TZA,2020,5.1,59.75
Tanzania,TZA,2021,5.1,59.31
Tanzania,TZA,2022,5.1,48.28
Tanzania,TZA,2023,5.35,44.02
Thailand,THA,2013,6.25,61.4
Thailand,THA,2014,5.39,62.06
Thailand,THA,2015,5.09,59.93
Thailand,THA,2016,4.92,55.47
Thailand,THA,2017,4.63,55.31
Thailand,THA,2018,4.63,55.69
Thailand,THA,2019,6.32,55.9
Thailand,THA,2020,6.04,55.06
Thailand,THA,2021,6.04,54.78
Thailand,THA,2022,6.67,50.15
Thailand,THA,2023,6.35,55.24
Togo,TGO,2013,3.45,71.55
Togo,TGO,2014,3.45,71.0
Togo,TGO,2015,3.41,71.5
Togo,TGO,2016,3.32,69.69
Togo,TGO,2017,3.05,69.25
Togo,TGO,2018,3.1,69.77
Togo,TGO,2019,3.3,70.31
Togo,TGO,2020,2.8,70.67
Togo,TGO,2021,2.8,70.41
Togo,TGO,2022,2.99,57.17
Togo,TGO,2023,2.99,63.06
Trinidad and Tobago,TTO,2013,6.99,76.88
Trinidad and Tobago,TTO,2014,6.99,76.72
Trinidad and Tobago,TTO,2015,7.1,77.61
Trinidad and Tobago,TTO,2016,7.1,76.71
Trinidad and Tobago,TTO,2017,7.04,79.38
Trinidad and Tobago,TTO,2018,7.16,77.21
Trinidad and Tobago,TTO,2019,7.16,75.26
Trinidad and Tobago,TTO,2020,7.16,76.78
Trinidad and Tobago,TTO,2021,7.16,78.45
Trinidad and Tobago,TTO,2022,7.16,78.68
Trinidad and Tobago,TTO,2023,7.16,76.54
Tunisia,TUN,2013,5.76,60.07
Tunisia,TUN,2014,6.31,61.31
Tunisia,TUN,2015,6.72,61.32
Tunisia,TUN,2016,6.4,68.4
Tunisia,TUN,2017,6.32,67.78
Tunisia,TUN,2018,6.41,69.09
Tunisia,TUN,2019,6.72,70.39
Tunisia,TUN,2020,6.59,70.55
Tunisia,TUN,2021,5.99,70.47
Tunisia,TUN,2022,5.51,58.49
Tunisia,TUN,2023,5.51,50.11
Turkey,TUR,2013,5.63,53.44
Turkey,TUR,2014,5.12,54.13
Turkey,TUR,2015,5.12,55.84
Turkey,TUR,2016,5.04,49.24
Turkey,TUR,2017,4.88,47.02
Turkey,TUR,2018,4.37,46.5
Turkey,TUR,2019,4.09,47.19
Turkey,TUR,2020,4.48,49.98
Turkey,TUR,2021,4.35,50.21
Turkey,TUR,2022,4.35,41.25
Turkey,TUR,2023,4.33,33.97
Turkmenistan,TKM,2013,1.72,20.86
Turkmenistan,TKM,2014,1.83,19.19
Turkmenistan,TKM,2015,1.83,19.17
Turkmenistan,TKM,2016,1.83,16.56
Turkmenistan,TKM,2017,1.72,15.81
Turkmenistan,TKM,2018,1.72,15.8
Turkmenistan,TKM,2019,1.72,14.56
Turkmenistan,TKM,2020,1.72,14.56
Turkmenistan,TKM,2021,1.66,19.97
Turkmenistan,TKM,2022,1.66,25.01
Uganda,UGA,2013,5.22,68.31
Uganda,UGA,2014,5.22,66.71
Uganda,UGA,2015,5.22,68.35
Uganda,UGA,2016,5.26,67.42
Uganda,UGA,2017,5.09,64.06
Uganda,UGA,2018,5.2,63.23
Uganda,UGA,2019,5.02,60.58
Uganda,UGA,2020,4.94,59.05
Uganda,UGA,2021,4.48,58.81
Uganda,UGA,2022,4.55,46.35
Uganda,UGA,2023,4.49,46.08
Ukraine,UKR,2013,5.84,63.21
Ukraine,UKR,2014,5.42,63.07
Ukraine,UKR,2015,5.7,60.9
Ukraine,UKR,2016,5.7,67.07
Ukraine,UKR,2017,5.69,66.81
Ukraine,UKR,2018,5.69,68.84
Ukraine,UKR,2019,5.9,67.54
Ukraine,UKR,2020,5.81,67.48
Ukraine,UKR,2021,5.57,67.04
Ukraine,UKR,2022,5.42,55.76
Ukraine,UKR,2023,5.06,61.19
United Arab Emirates,ARE,2013,2.52,66.51
United Arab Emirates,ARE,2014,2.64,63.97
United Arab Emirates,ARE,2015,2.75,63.27
United Arab Emirates,ARE,2016,2.75,63.27
United Arab Emirates,ARE,2017,2.69,60.61
United Arab Emirates,ARE,2018,2.76,59.14
United Arab Emirates,ARE,2019,2.76,56.37
United Arab Emirates,ARE,2020,2.7,57.31
United Arab Emirates,ARE,2021,2.9,56.87
United Arab Emirates,ARE,2022,2.9,44.46
United Arab Emirates,ARE,2023,3.01,42.99
United Kingdom,GBR,2013,8.31,83.11
United Kingdom,GBR,2014,8.31,80.07
United Kingdom,GBR,2015,8.31,80.0
United Kingdom,GBR,2016,8.36,78.3
United Kingdom,GBR,2017,8.53,77.74
United Kingdom,GBR,2018,8.53,76.75
United Kingdom,GBR,2019,8.52,77.77
United Kingdom,GBR,2020,8.54,77.07
United Kingdom,GBR,2021,8.1,78.41
United Kingdom,GBR,2022,8.28,78.71
United Kingdom,GBR,2023,8.28,78.51
United States,USA,2013,8.11,81.78
United States,USA,2014,8.11,76.51
United States,USA,2015,8.05,75.59
United States,USA,2016,7.98,77.51
United States,USA,2017,7.98,76.12
United States,USA,2018,7.96,76.27
United States,USA,2019,7.96,74.31
United States,USA,2020,7.92,76.15
United States,USA,2021,7.85,76.07
United States,USA,2022,7.85,72.74
United States,USA,2023,7.85,71.22
Uruguay,URY,2013,8.17,84.08
Uruguay,URY,2014,8.17,83.92
Uruguay,URY,2015,8.17,84.06
Uruguay,URY,2016,8.17,84.12
Uruguay,URY,2017,8.12,82.57
Uruguay,URY,2018,8.38,84.44
Uruguay,URY,2019,8.38,83.94
Uruguay,URY,2020,8.61,84.21
Uruguay,URY,2021,8.85,83.62
Uruguay,URY,2022,8.91,72.03
Uruguay,URY,2023,8.66,70.33
Uzbekistan,UZB,2013,1.72,39.61
Uzbekistan,UZB,2014,2.45,38.99
Uzbekistan,UZB,2015,1.95,38.86
Uzbekistan,UZB,2016,1.95,38.85
Uzbekistan,UZB,2017,1.95,33.89
Uzbekistan,UZB,2018,2.01,39.16
Uzbekistan,UZB,2019,2.01,46.48
Uzbekistan,UZB,2020,2.12,46.93
Uzbekistan,UZB,2021,2.12,49.26
Uzbekistan,UZB,2022,2.12,45.74
Venezuela,VEN,2013,5.07,65.56
Venezuela,VEN,2014,5.07,64.63
Venezuela,VEN,2015,5.0,59.39
Venezuela,VEN,2016,4.68,55.23
Venezuela,VEN,2017,3.87,57.06
Venezuela,VEN,2018,3.16,53.97
Venezuela,VEN,2019,2.88,50.9
Venezuela,VEN,2020,2.76,54.34
Venezuela,VEN,2021,2.11,52.4
Venezuela,VEN,2022,2.23,37.78
Venezuela,VEN,2023,2.31,36.99
Vietnam,VNM,2013,3.29,28.22
Vietnam,VNM,2014,3.41,27.64
Vietnam,VNM,2015,3.53,27.37
Vietnam,VNM,2016,3.38,25.73
Vietnam,VNM,2017,3.08,26.04
Vietnam,VNM,2018,3.08,24.95
Vietnam,VNM,2019,3.08,25.07
Vietnam,VNM,2020,2.94,25.29
Vietnam,VNM,2021,2.94,21.54
Vietnam,VNM,2022,2.73,26.11
Vietnam,VNM,2023,2.62,24.58
Yemen,YEM,2013,2.79,30.78
Yemen,YEM,2014,2.79,32.74
Yemen,YEM,2015,2.24,33.64
Yemen,YEM,2016,2.07,32.93
Yemen,YEM,2017,2.07,34.2
Yemen,YEM,2018,1.95,37.77
Yemen,YEM,2019,1.95,38.34
Yemen,YEM,2020,1.95,41.75
Yemen,YEM,2021,1.95,37.65
Yemen,YEM,2022,1.95,29.14
Zambia,ZMB,2013,6.26,72.07
Zambia,ZMB,2014,6.39,69.11
Zambia,ZMB,2015,6.28,65.65
Zambia,ZMB,2016,5.99,64.92
Zambia,ZMB,2017,5.68,63.52
Zambia,ZMB,2018,5.61,64.64
Zambia,ZMB,2019,5.09,63.62
Zambia,ZMB,2020,4.86,63.0
Zambia,ZMB,2021,5.72,61.79
Zambia,ZMB,2022,5.8,55.4
Zambia,ZMB,2023,5.8,59.41
Zimbabwe,ZWE,2013,2.67,61.88
Zimbabwe,ZWE,2014,2.78,60.81
Zimbabwe,ZWE,2015,3.05,60.81
Zimbabwe,ZWE,2016,3.05,59.59
Zimbabwe,ZWE,2017,3.16,58.56
Zimbabwe,ZWE,2018,3.16,59.47
Zimbabwe,ZWE,2019,3.16,57.77
Zimbabwe,ZWE,2020,3.16,59.05
Zimbabwe,ZWE,2021,2.92,56.88
Zimbabwe,ZWE,2022,2.92,44.94
Zimbabwe,ZWE,2023,3.04,48.17
